vendor,product_name,collection,variant_name,product_color,conflicting_url_color,asset_type,url
Arizona Tile,Black,Ardesia,"24x48, Matte",black,grey,lifestyle,https://arizonatile.widen.net/content/hunw59pvwr/webp/MyHome_Ardesia_Grey_Matte_12x24_Kitchen-Scene_A.webp?w=765&h=765&keep=c&crop=yes&quality=80&x.app=portals
Arizona Tile,Black,Ardesia,"24x48, R11 Finish",black,grey,lifestyle,https://arizonatile.widen.net/content/hunw59pvwr/webp/MyHome_Ardesia_Grey_Matte_12x24_Kitchen-Scene_A.webp?w=765&h=765&keep=c&crop=yes&quality=80&x.app=portals
Arizona Tile,Black,Ardesia,"2x2 Mosaic, Matte",black,grey,lifestyle,https://arizonatile.widen.net/content/hunw59pvwr/webp/MyHome_Ardesia_Grey_Matte_12x24_Kitchen-Scene_A.webp?w=765&h=765&keep=c&crop=yes&quality=80&x.app=portals
Arizona Tile,White,Arte,3x12,white,grey,alternate,https://arizonatile.widen.net/content/vehppd718t/webp/4X16-WARM-GREY-GLOSSY-ROOM.webp?w=765&h=765&keep=c&crop=yes&quality=80&x.app=portals
Arizona Tile,Artistic Expression Blue,Artistic Expression,"10-1/4x12-1/2, Polished",blue,grey,alternate,https://arizonatile.widen.net/content/wblxxdxft6/webp/Artistic-Expression-Grey.webp?w=765&h=765&position=c&quality=80&x.app=portals
Arizona Tile,Artistic Expression Grey,Artistic Expression,"10-1/4x12-1/2, Polished",grey,blue,alternate,https://arizonatile.widen.net/content/pu2z2wfmee/jpeg/Artistic-Expression-Blue.jpeg?w=765&h=765&position=c&quality=80&x.app=portals
Arizona Tile,Black,Canyon,"24x24, Matte",black,grey,lifestyle,https://arizonatile.widen.net/content/h31nxc51xm/webp/CANYON-Grey.webp?w=765&h=765&keep=c&crop=yes&quality=80&x.app=portals
Arizona Tile,Black,Canyon,"24x48, Matte",black,grey,lifestyle,https://arizonatile.widen.net/content/h31nxc51xm/webp/CANYON-Grey.webp?w=765&h=765&keep=c&crop=yes&quality=80&x.app=portals
Arizona Tile,Black,Canyon,"24x48, R11 Finish",black,grey,alternate,https://arizonatile.widen.net/content/h31nxc51xm/webp/CANYON-Grey.webp?w=765&h=765&keep=c&crop=yes&quality=80&x.app=portals
Arizona Tile,Black,Canyon,"2x2 Mosaic, Matte",black,grey,alternate,https://arizonatile.widen.net/content/h31nxc51xm/webp/CANYON-Grey.webp?w=765&h=765&keep=c&crop=yes&quality=80&x.app=portals
Arizona Tile,Black,Canyon,"Hex16x18 Mesh, Matte",black,grey,alternate,https://arizonatile.widen.net/content/h31nxc51xm/webp/CANYON-Grey.webp?w=765&h=765&keep=c&crop=yes&quality=80&x.app=portals
Arizona Tile,Black,Canyon,"Straight Stack Mesh 1x24, Matte",black,grey,alternate,https://arizonatile.widen.net/content/h31nxc51xm/webp/CANYON-Grey.webp?w=765&h=765&keep=c&crop=yes&quality=80&x.app=portals
Arizona Tile,Brown,Canyon,"24x24, Matte",brown,grey,lifestyle,https://arizonatile.widen.net/content/h31nxc51xm/webp/CANYON-Grey.webp?w=765&h=765&keep=c&crop=yes&quality=80&x.app=portals
Arizona Tile,Brown,Canyon,"24x48, Matte",brown,grey,alternate,https://arizonatile.widen.net/content/h31nxc51xm/webp/CANYON-Grey.webp?w=765&h=765&keep=c&crop=yes&quality=80&x.app=portals
Arizona Tile,Brown,Canyon,"24x48, R11 Finish",brown,grey,alternate,https://arizonatile.widen.net/content/h31nxc51xm/webp/CANYON-Grey.webp?w=765&h=765&keep=c&crop=yes&quality=80&x.app=portals
Arizona Tile,Brown,Canyon,"2x2 Mosaic, Matte",brown,grey,alternate,https://arizonatile.widen.net/content/h31nxc51xm/webp/CANYON-Grey.webp?w=765&h=765&keep=c&crop=yes&quality=80&x.app=portals
Arizona Tile,Brown,Canyon,"Hex16x18 Mesh, Matte",brown,grey,alternate,https://arizonatile.widen.net/content/h31nxc51xm/webp/CANYON-Grey.webp?w=765&h=765&keep=c&crop=yes&quality=80&x.app=portals
Arizona Tile,Brown,Canyon,"Straight Stack Mesh 1x24, Matte",brown,grey,alternate,https://arizonatile.widen.net/content/h31nxc51xm/webp/CANYON-Grey.webp?w=765&h=765&keep=c&crop=yes&quality=80&x.app=portals
Arizona Tile,Ivory,Canyon,"24x24, Matte",ivory,black,alternate,https://arizonatile.widen.net/content/ca2ml9z1uj/webp/Glam-Black-Matte-and-Canyon-Lobby.webp?w=765&h=765&keep=s&crop=yes&quality=80&x.app=portals
Arizona Tile,Ivory,Canyon,"24x24, Matte",ivory,grey,lifestyle,https://arizonatile.widen.net/content/h31nxc51xm/webp/CANYON-Grey.webp?w=765&h=765&keep=c&crop=yes&quality=80&x.app=portals
Arizona Tile,Ivory,Canyon,"24x48, Matte",ivory,grey,lifestyle,https://arizonatile.widen.net/content/h31nxc51xm/webp/CANYON-Grey.webp?w=765&h=765&keep=c&crop=yes&quality=80&x.app=portals
Arizona Tile,Ivory,Canyon,"24x48, R11 Finish",ivory,grey,lifestyle,https://arizonatile.widen.net/content/h31nxc51xm/webp/CANYON-Grey.webp?w=765&h=765&keep=c&crop=yes&quality=80&x.app=portals
Arizona Tile,Ivory,Canyon,"2x2 Mosaic, Matte",ivory,grey,alternate,https://arizonatile.widen.net/content/h31nxc51xm/webp/CANYON-Grey.webp?w=765&h=765&keep=c&crop=yes&quality=80&x.app=portals
Arizona Tile,Ivory,Canyon,"Hex16x18 Mesh, Matte",ivory,grey,alternate,https://arizonatile.widen.net/content/h31nxc51xm/webp/CANYON-Grey.webp?w=765&h=765&keep=c&crop=yes&quality=80&x.app=portals
Arizona Tile,Ivory,Canyon,"Straight Stack Mesh 1x24, Matte",ivory,grey,alternate,https://arizonatile.widen.net/content/h31nxc51xm/webp/CANYON-Grey.webp?w=765&h=765&keep=c&crop=yes&quality=80&x.app=portals
Arizona Tile,Brown,Castle Brick,2-1/2x10,brown,grey,alternate,https://arizonatile.widen.net/content/kbiu11n3cp/jpeg/Castle-Brick-Grey-Herringbone.jpeg?w=765&h=765&keep=c&crop=yes&quality=80&x.app=portals
Arizona Tile,Brown,Castle Brick,2-1/2x10,brown,red,alternate,https://arizonatile.widen.net/content/f3x7mvw4ny/jpeg/Castle-Brick-Red.jpg?w=765&h=765&keep=c&crop=yes&quality=80&x.app=portals
Arizona Tile,Red,Castle Brick,2-1/2x10,red,black,alternate,https://arizonatile.widen.net/content/kybym3ac9s/jpeg/Castle-Brick-Brown_Pietra-Italia-Black_Wave-Iron-Quartz.jpeg?w=765&h=765&keep=c&crop=yes&quality=80&x.app=portals
Arizona Tile,Red,Castle Brick,2-1/2x10,red,brown,alternate,https://arizonatile.widen.net/content/kybym3ac9s/jpeg/Castle-Brick-Brown_Pietra-Italia-Black_Wave-Iron-Quartz.jpeg?w=765&h=765&keep=c&crop=yes&quality=80&x.app=portals
Arizona Tile,Red,Castle Brick,2-1/2x10,red,grey,alternate,https://arizonatile.widen.net/content/kbiu11n3cp/jpeg/Castle-Brick-Grey-Herringbone.jpeg?w=765&h=765&keep=c&crop=yes&quality=80&x.app=portals
Arizona Tile,Combhex Carrara Blue Black,Combhex,"12x10-1/4, Polished",blue,grey,alternate,https://arizonatile.widen.net/content/abeit8esuz/webp/Combhex-Thassos_Grey_Black.webp?w=765&h=765&position=c&quality=80&x.app=portals
Arizona Tile,Combhex Thassos Grey Black,Combhex,"12x10-1/4, Polished",grey,blue,alternate,https://arizonatile.widen.net/content/ygjfchf7ho/jpeg/Combhex-Carrara_Blue_Black.jpeg?w=765&h=765&position=c&quality=80&x.app=portals
Arizona Tile,Black,Cosmic,12x24,black,grey,alternate,https://arizonatile.widen.net/content/vlasxkz6t0/jpeg/cosmic_grey_part.jpg?w=765&h=765&keep=c&crop=yes&quality=80&x.app=portals
Arizona Tile,Black,Cosmic,2x2 Mosaic,black,grey,alternate,https://arizonatile.widen.net/content/vlasxkz6t0/jpeg/cosmic_grey_part.jpg?w=765&h=765&keep=c&crop=yes&quality=80&x.app=portals
Arizona Tile,Ivory,Cosmic,12x24,ivory,grey,alternate,https://arizonatile.widen.net/content/vlasxkz6t0/jpeg/cosmic_grey_part.jpg?w=765&h=765&keep=c&crop=yes&quality=80&x.app=portals
Arizona Tile,Ivory,Cosmic,2x2 Mosaic,ivory,grey,alternate,https://arizonatile.widen.net/content/vlasxkz6t0/jpeg/cosmic_grey_part.jpg?w=765&h=765&keep=c&crop=yes&quality=80&x.app=portals
Arizona Tile,White,Cosmic,12x24,white,grey,alternate,https://arizonatile.widen.net/content/vlasxkz6t0/jpeg/cosmic_grey_part.jpg?w=765&h=765&keep=c&crop=yes&quality=80&x.app=portals
Arizona Tile,Elemental Hex Blue,Elemental Hex,"11-3/4x10, Polished",blue,grey,alternate,https://arizonatile.widen.net/content/jnb5z9jsws/webp/Elemental-Hex-Grey.webp?w=765&h=765&position=c&quality=80&x.app=portals
Arizona Tile,Brown,Essence,8x48,brown,cream,alternate,https://arizonatile.widen.net/content/xhu4ml8dlv/jpeg/Amb-essence-30x120-cream.jpg?w=765&h=765&keep=c&crop=yes&quality=80&x.app=portals
Arizona Tile,Brown,Essence,8x48,brown,grey,alternate,https://arizonatile.widen.net/content/z9paprs1eo/jpeg/Amb-essence-20x120-grey.jpg?w=765&h=765&keep=c&crop=yes&quality=80&x.app=portals
Arizona Tile,Cream,Essence,8x48,cream,brown,alternate,https://arizonatile.widen.net/content/lldqs2qiyd/jpeg/Essence-brown-26%2C5x180.jpg?w=765&h=765&keep=c&crop=yes&quality=80&x.app=portals
Arizona Tile,Grey,Essence,8x48,grey,brown,alternate,https://arizonatile.widen.net/content/lldqs2qiyd/jpeg/Essence-brown-26%2C5x180.jpg?w=765&h=765&keep=c&crop=yes&quality=80&x.app=portals
Arizona Tile,Grey,Essence,8x48,grey,cream,alternate,https://arizonatile.widen.net/content/xhu4ml8dlv/jpeg/Amb-essence-30x120-cream.jpg?w=765&h=765&keep=c&crop=yes&quality=80&x.app=portals
Arizona Tile,Fishing Net Oriental White W Black Dot,Fishing Net,"13-1/2x11-3/4, Polished",black,blue,alternate,https://arizonatile.widen.net/content/ju6ulygbfe/jpeg/Fishing-Net-Oriental-White-with-Blue-Dots.jpeg?w=765&h=765&position=c&quality=80&x.app=portals
Arizona Tile,Fishing Net Oriental White W Blue Dot,Fishing Net,"13-1/2x11-3/4, Polished",blue,black,alternate,https://arizonatile.widen.net/content/zyluqdejrd/webp/Fishing-Net-Oriental-White-With-Black-Dots.webp?w=765&h=765&position=c&quality=80&x.app=portals
Arizona Tile,Cool Grey,Flash,3x12,grey,blue,lifestyle,https://arizonatile.widen.net/content/ewpvixgp6i/webp/Flash-Blue-Bathroom.webp?w=765&h=765&keep=e&crop=yes&quality=80&x.app=portals
Arizona Tile,Ivory,Flash,3x12,ivory,blue,lifestyle,https://arizonatile.widen.net/content/ewpvixgp6i/webp/Flash-Blue-Bathroom.webp?w=765&h=765&keep=e&crop=yes&quality=80&x.app=portals
Arizona Tile,White,Flash,3x12,white,blue,lifestyle,https://arizonatile.widen.net/content/ewpvixgp6i/webp/Flash-Blue-Bathroom.webp?w=765&h=765&keep=e&crop=yes&quality=80&x.app=portals
Arizona Tile,Fraser River Carrara W Black,Fraser River,"10-1/4x12-1/2, Polished",black,blue,alternate,https://arizonatile.widen.net/content/gifygs0orn/webp/Fraser-River-Thassos-with-Blue.webp?w=765&h=765&position=c&quality=80&x.app=portals
Arizona Tile,Fraser River Carrara W Black,Fraser River,"10-1/4x12-1/2, Polished",black,grey,alternate,https://arizonatile.widen.net/content/zoboigfkfv/webp/Fraser-River-Thassos-with-Grey.webp?w=765&h=765&position=c&quality=80&x.app=portals
Arizona Tile,Fraser River Thassos W Blue,Fraser River,"10-1/4x12-1/2, Polished",blue,black,alternate,https://arizonatile.widen.net/content/clrxcagy58/jpeg/Fraser-River-Carrara-with-Black.jpeg?w=765&h=765&position=c&quality=80&x.app=portals
Arizona Tile,Fraser River Thassos W Blue,Fraser River,"10-1/4x12-1/2, Polished",blue,grey,alternate,https://arizonatile.widen.net/content/zoboigfkfv/webp/Fraser-River-Thassos-with-Grey.webp?w=765&h=765&position=c&quality=80&x.app=portals
Arizona Tile,Fraser River Thassos W Grey,Fraser River,"10-1/4x12-1/2, Polished",grey,black,alternate,https://arizonatile.widen.net/content/clrxcagy58/jpeg/Fraser-River-Carrara-with-Black.jpeg?w=765&h=765&position=c&quality=80&x.app=portals
Arizona Tile,Fraser River Thassos W Grey,Fraser River,"10-1/4x12-1/2, Polished",grey,blue,alternate,https://arizonatile.widen.net/content/gifygs0orn/webp/Fraser-River-Thassos-with-Blue.webp?w=765&h=765&position=c&quality=80&x.app=portals
Arizona Tile,Black,Fray Metal (Fragment),2x2 Mosaic,black,white,alternate,https://arizonatile.widen.net/content/x9svbr9pqk/webp/Fray-Metal-White-Composite.webp?w=765&h=765&position=c&quality=80&x.app=portals
Arizona Tile,Gray,Fray Metal (Fragment),12x24,gray,white,alternate,https://arizonatile.widen.net/content/x9svbr9pqk/webp/Fray-Metal-White-Composite.webp?w=765&h=765&position=c&quality=80&x.app=portals
Arizona Tile,Ivory,Futura,"24x24 Paver, R11 Finish",ivory,beige,alternate,https://arizonatile.widen.net/content/grjmea22uk/webp/MyHome_Futura_Beige_12x24_2x2-mosaic_Residential.webp?w=765&h=765&keep=e&crop=yes&quality=80&x.app=portals
Arizona Tile,Ivory,Futura,"24x48, Matte",ivory,beige,lifestyle,https://arizonatile.widen.net/content/grjmea22uk/webp/MyHome_Futura_Beige_12x24_2x2-mosaic_Residential.webp?w=765&h=765&keep=e&crop=yes&quality=80&x.app=portals
Arizona Tile,Ivory,Futura,"24x48, R11 Finish",ivory,beige,alternate,https://arizonatile.widen.net/content/grjmea22uk/webp/MyHome_Futura_Beige_12x24_2x2-mosaic_Residential.webp?w=765&h=765&keep=e&crop=yes&quality=80&x.app=portals
Arizona Tile,Ivory,Futura,"2x2 Mosaic, Matte",ivory,beige,alternate,https://arizonatile.widen.net/content/grjmea22uk/webp/MyHome_Futura_Beige_12x24_2x2-mosaic_Residential.webp?w=765&h=765&keep=e&crop=yes&quality=80&x.app=portals
Arizona Tile,Ivory,Futura,"2x2 Mosaic, Matte",ivory,beige,primary,https://arizonatile.widen.net/content/grjmea22uk/webp/MyHome_Futura_Beige_12x24_2x2-mosaic_Residential.webp?w=765&h=765&keep=e&crop=yes&quality=80&x.app=portals
Arizona Tile,Silver,Futura,"24x24 Paver, R11 Finish",silver,beige,alternate,https://arizonatile.widen.net/content/grjmea22uk/webp/MyHome_Futura_Beige_12x24_2x2-mosaic_Residential.webp?w=765&h=765&keep=e&crop=yes&quality=80&x.app=portals
Arizona Tile,Silver,Futura,"24x48, Matte",silver,beige,lifestyle,https://arizonatile.widen.net/content/grjmea22uk/webp/MyHome_Futura_Beige_12x24_2x2-mosaic_Residential.webp?w=765&h=765&keep=e&crop=yes&quality=80&x.app=portals
Arizona Tile,Silver,Futura,"24x48, R11 Finish",silver,beige,alternate,https://arizonatile.widen.net/content/grjmea22uk/webp/MyHome_Futura_Beige_12x24_2x2-mosaic_Residential.webp?w=765&h=765&keep=e&crop=yes&quality=80&x.app=portals
Arizona Tile,Silver,Futura,"2x2 Mosaic, Matte",silver,beige,alternate,https://arizonatile.widen.net/content/grjmea22uk/webp/MyHome_Futura_Beige_12x24_2x2-mosaic_Residential.webp?w=765&h=765&keep=e&crop=yes&quality=80&x.app=portals
Arizona Tile,Ivory,Industrial,"12x24, R11 Finish",ivory,taupe,alternate,https://arizonatile.widen.net/content/x6lr7k2wba/webp/39.industrial.taupe.webp?w=765&h=765&keep=c&crop=yes&quality=80&x.app=portals
Arizona Tile,Ivory,Industrial,"12x24, R11 Finish",ivory,taupe,primary,https://arizonatile.widen.net/content/x6lr7k2wba/webp/39.industrial.taupe.webp?w=765&h=765&keep=c&crop=yes&quality=80&x.app=portals
Arizona Tile,Ivory,Industrial,"24x48, Matte",ivory,taupe,primary,https://arizonatile.widen.net/content/x6lr7k2wba/webp/39.industrial.taupe.webp?w=765&h=765&keep=c&crop=yes&quality=80&x.app=portals
Arizona Tile,Ivory,Industrial,"2x2 Mosaic, Matte",ivory,taupe,primary,https://arizonatile.widen.net/content/x6lr7k2wba/webp/39.industrial.taupe.webp?w=765&h=765&keep=c&crop=yes&quality=80&x.app=portals
Arizona Tile,Ivory,Industrial,"48x48, Matte",ivory,taupe,alternate,https://arizonatile.widen.net/content/x6lr7k2wba/webp/39.industrial.taupe.webp?w=765&h=765&keep=c&crop=yes&quality=80&x.app=portals
Arizona Tile,Looming Stream Thassos Black,Looming Stream,"10-1/4x12-1/2, Polished",black,blue,alternate,https://arizonatile.widen.net/content/uizlcaqjth/webp/Looming-Stream-Thassos_Blue.webp?w=765&h=765&position=c&quality=80&x.app=portals
Arizona Tile,Looming Stream Thassos Black,Looming Stream,"10-1/4x12-1/2, Polished",black,grey,alternate,https://arizonatile.widen.net/content/uwpyrbhghh/webp/Looming-Stream-Thassos_Grey.webp?w=765&h=765&position=c&quality=80&x.app=portals
Arizona Tile,Looming Stream Thassos Blue,Looming Stream,"10-1/4x12-1/2, Polished",blue,black,alternate,https://arizonatile.widen.net/content/dymua9rtct/webp/LOOMING-STREAM---THASSOS-WITH-BLACK-RANGE-.webp?w=765&h=765&position=c&quality=80&x.app=portals
Arizona Tile,Looming Stream Thassos Blue,Looming Stream,"10-1/4x12-1/2, Polished",blue,grey,alternate,https://arizonatile.widen.net/content/uwpyrbhghh/webp/Looming-Stream-Thassos_Grey.webp?w=765&h=765&position=c&quality=80&x.app=portals
Arizona Tile,Looming Stream Thassos Grey,Looming Stream,"10-1/4x12-1/2, Polished",grey,black,alternate,https://arizonatile.widen.net/content/dymua9rtct/webp/LOOMING-STREAM---THASSOS-WITH-BLACK-RANGE-.webp?w=765&h=765&position=c&quality=80&x.app=portals
Arizona Tile,Looming Stream Thassos Grey,Looming Stream,"10-1/4x12-1/2, Polished",grey,blue,alternate,https://arizonatile.widen.net/content/uizlcaqjth/webp/Looming-Stream-Thassos_Blue.webp?w=765&h=765&position=c&quality=80&x.app=portals
Arizona Tile,Micro Herringbone W Black Dot,Micro Herringbone,"10-7/8x9-3/4, Polished",black,blue,alternate,https://arizonatile.widen.net/content/1futjioazi/webp/Micro-Herringbone-with-Blue-Dot.webp?w=765&h=765&position=c&quality=80&x.app=portals
Arizona Tile,Micro Herringbone W Black Dot,Micro Herringbone,"10-7/8x9-3/4, Polished",black,grey,alternate,https://arizonatile.widen.net/content/tr4rjcgnwe/webp/Micro-Herringbone-with-Grey-Dot.webp?w=765&h=765&position=c&quality=80&x.app=portals
Arizona Tile,Micro Herringbone W Blue Dot,Micro Herringbone,"10-7/8x9-3/4, Polished",blue,black,alternate,https://arizonatile.widen.net/content/1jvmtdvytx/jpeg/Micro-Herringbone-with-Black-Dot.jpeg?w=765&h=765&position=c&quality=80&x.app=portals
Arizona Tile,Micro Herringbone W Blue Dot,Micro Herringbone,"10-7/8x9-3/4, Polished",blue,grey,alternate,https://arizonatile.widen.net/content/tr4rjcgnwe/webp/Micro-Herringbone-with-Grey-Dot.webp?w=765&h=765&position=c&quality=80&x.app=portals
Arizona Tile,Micro Herringbone W Grey Dot,Micro Herringbone,"10-7/8x9-3/4, Polished",grey,black,alternate,https://arizonatile.widen.net/content/1jvmtdvytx/jpeg/Micro-Herringbone-with-Black-Dot.jpeg?w=765&h=765&position=c&quality=80&x.app=portals
Arizona Tile,Micro Herringbone W Grey Dot,Micro Herringbone,"10-7/8x9-3/4, Polished",grey,blue,alternate,https://arizonatile.widen.net/content/1futjioazi/webp/Micro-Herringbone-with-Blue-Dot.webp?w=765&h=765&position=c&quality=80&x.app=portals
Arizona Tile,Black,Paros,12x12,black,white,alternate,https://arizonatile.widen.net/content/flfa48eo8v/jpeg/Paros_White-BlackCheckerboard-edit.jpg?w=765&h=765&keep=e&crop=yes&quality=80&x.app=portals
Arizona Tile,Ivory,Pebble Mosaics,"12x12 Mesh Sheet, Matte",ivory,beige,alternate,https://arizonatile.widen.net/content/hpy4yqjxxm/webp/Cemento-Cassero-Beige_Flat-Pebble-Warm-Blend_3D-Blade.webp?w=765&h=765&keep=s&crop=yes&quality=80&x.app=portals
Arizona Tile,Black Grey,Pietra Italia,"Stack, Matte",black,beige,alternate,https://arizonatile.widen.net/content/7ec5jpvdco/jpeg/PI-beige-HD-2.jpg?w=765&h=765&keep=c&crop=yes&quality=80&x.app=portals
Arizona Tile,Black Grey,Pietra Italia,"Stack, Matte",grey,beige,alternate,https://arizonatile.widen.net/content/7ec5jpvdco/jpeg/PI-beige-HD-2.jpg?w=765&h=765&keep=c&crop=yes&quality=80&x.app=portals
Arizona Tile,White,Pietra Italia,"12x24, R11 Finish",white,beige,alternate,https://arizonatile.widen.net/content/7ec5jpvdco/jpeg/PI-beige-HD-2.jpg?w=765&h=765&keep=c&crop=yes&quality=80&x.app=portals
Arizona Tile,Mayflower Red,Quarry Metro,"6x6, Abrasive",red,gray,alternate,https://arizonatile.widen.net/content/8yti2fukfp/webp/57IS_Puritan_Gray_Donut_Shop_11zon.webp?w=765&h=765&keep=s&crop=yes&quality=80&x.app=portals
Arizona Tile,Mayflower Red,Quarry Metro,"6x6, Ironspot",red,gray,alternate,https://arizonatile.widen.net/content/8yti2fukfp/webp/57IS_Puritan_Gray_Donut_Shop_11zon.webp?w=765&h=765&keep=s&crop=yes&quality=80&x.app=portals
Arizona Tile,Mayflower Red,Quarry Metro,"6x6, Ironspot",red,gray,alternate,https://arizonatile.widen.net/content/azo5ekwd4h/webp/57XA-Pantry_Puritan_Gray.webp?w=765&h=765&keep=c&crop=yes&quality=80&x.app=portals
Arizona Tile,Skywalk Carrara Black,Skywalk,"11-3/4x11-1/4, Polished",black,blue,alternate,https://arizonatile.widen.net/content/ybaiunulaz/webp/Skywalk-Carrara-Blue.webp?w=765&h=765&position=c&quality=80&x.app=portals
Arizona Tile,Skywalk Carrara Blue,Skywalk,"11-3/4x11-1/4, Polished",blue,black,alternate,https://arizonatile.widen.net/content/de31fzf7kp/webp/Skywalk-Carrara-Black.webp?w=765&h=765&position=c&quality=80&x.app=portals
Arizona Tile,Spark White,Spark,"3x12, Matte",white,ivory,alternate,https://arizonatile.widen.net/content/4nxft5lus3/webp/Spark-Ivory-Glossy-Hex-12.webp?w=765&h=765&keep=c&crop=yes&quality=80&x.app=portals
Arizona Tile,Spark White,Spark,"Hex, Glossy",white,ivory,alternate,https://arizonatile.widen.net/content/4nxft5lus3/webp/Spark-Ivory-Glossy-Hex-12.webp?w=765&h=765&keep=c&crop=yes&quality=80&x.app=portals
Arizona Tile,Spark White,Spark,"Hex, Glossy",white,ivory,alternate,https://arizonatile.widen.net/content/ukykuaxpdb/webp/Amb03_CMYK_IVORY-MATT.webp?w=765&h=765&keep=c&crop=yes&quality=80&x.app=portals
Arizona Tile,Spark White,Spark,"Hex, Glossy",white,ivory,primary,https://arizonatile.widen.net/content/4nxft5lus3/webp/Spark-Ivory-Glossy-Hex-12.webp?w=765&h=765&keep=c&crop=yes&quality=80&x.app=portals
Arizona Tile,Spark White,Spark,"Hex, Matte",white,ivory,alternate,https://arizonatile.widen.net/content/4nxft5lus3/webp/Spark-Ivory-Glossy-Hex-12.webp?w=765&h=765&keep=c&crop=yes&quality=80&x.app=portals
Arizona Tile,Spark White,Spark,"Picket, Glossy",white,ivory,primary,https://arizonatile.widen.net/content/4nxft5lus3/webp/Spark-Ivory-Glossy-Hex-12.webp?w=765&h=765&keep=c&crop=yes&quality=80&x.app=portals
Arizona Tile,Spark White,Spark,"Picket, Matte",white,ivory,lifestyle,https://arizonatile.widen.net/content/4nxft5lus3/webp/Spark-Ivory-Glossy-Hex-12.webp?w=765&h=765&keep=c&crop=yes&quality=80&x.app=portals
Arizona Tile,Ivory,Spark Bars,Ivory,ivory,white,alternate,https://arizonatile.widen.net/content/zvmnjmvrbk/webp/Spark-Bars_WHITE-MATTE.webp?w=765&h=765&keep=c&crop=yes&quality=80&x.app=portals
Arizona Tile,White,Spark Bars,White,white,ivory,alternate,https://arizonatile.widen.net/content/lhu4evfaob/webp/Spark-Bars_IVORY-MATTE.webp?w=765&h=765&keep=c&crop=yes&quality=80&x.app=portals
Arizona Tile,Silver,Splitface,"4xRandom, Splitface",silver,ivory,alternate,https://arizonatile.widen.net/content/7laeqiy2n0/webp/IVORY_4XFREE_LENGTH_ID.webp?w=765&h=765&keep=c&crop=yes&quality=80&x.app=portals
Arizona Tile,Black,Trapez,"4-1/4x9-3/4 Trapezoid, Glossy",black,sand,alternate,https://arizonatile.widen.net/content/dpz6sbvin6/webp/Trapez-Sand_Gesso_Ardesia-Panel.webp?w=765&h=765&keep=c&crop=yes&quality=80&x.app=portals
Arizona Tile,Cream,Trapez,"4-1/4x9-3/4 Trapezoid, Glossy",cream,black,alternate,https://arizonatile.widen.net/content/cbwumo49bq/webp/Trapez_Amb05_black_cmyk.webp?w=765&h=765&keep=c&crop=yes&quality=80&x.app=portals
Arizona Tile,Cream,Trapez,"4-1/4x9-3/4 Trapezoid, Glossy",cream,black,alternate,https://arizonatile.widen.net/content/iyfbkgrzi3/webp/Trapez_Amb02_taupe_black_cmyk.webp?w=765&h=765&keep=c&crop=yes&quality=80&x.app=portals
Arizona Tile,Cream,Trapez,"4-1/4x9-3/4 Trapezoid, Glossy",cream,taupe,alternate,https://arizonatile.widen.net/content/acg3l2bc9y/webp/Trapez_Amb07_taupe_cmyk.webp?w=765&h=765&keep=c&crop=yes&quality=80&x.app=portals
Arizona Tile,Cream,Trapez,"4-1/4x9-3/4 Trapezoid, Glossy",cream,taupe,alternate,https://arizonatile.widen.net/content/iyfbkgrzi3/webp/Trapez_Amb02_taupe_black_cmyk.webp?w=765&h=765&keep=c&crop=yes&quality=80&x.app=portals
Arizona Tile,Taupe,Trapez,"4-1/4x9-3/4 Trapezoid, Glossy",taupe,cream,alternate,https://arizonatile.widen.net/content/hlq72guvrf/webp/Trapez_Amb06_cream_cmyk.webp?w=765&h=765&keep=c&crop=yes&quality=80&x.app=portals
Arizona Tile,Taupe,Trapez,"4-1/4x9-3/4 Trapezoid, Glossy",taupe,sand,alternate,https://arizonatile.widen.net/content/dpz6sbvin6/webp/Trapez-Sand_Gesso_Ardesia-Panel.webp?w=765&h=765&keep=c&crop=yes&quality=80&x.app=portals
Arizona Tile,Taupe,Trapez,"4-1/4x9-3/4 Trapezoid, Glossy",taupe,sand,alternate,https://arizonatile.widen.net/content/ftqfguot2s/webp/Trapez-Sand-Panel.webp?w=540&h=540&keep=c&crop=yes&quality=80&x.app=portals
Arizona Tile,Taupe,Trapez,"4-1/4x9-3/4 Trapezoid, Glossy",taupe,sand,primary,https://arizonatile.widen.net/content/ftqfguot2s/webp/Trapez-Sand-Panel.webp?w=540&h=540&keep=c&crop=yes&quality=80&x.app=portals
Arizona Tile,White,Trapez,"4-1/4x9-3/4 Trapezoid, Glossy",white,sand,alternate,https://arizonatile.widen.net/content/dpz6sbvin6/webp/Trapez-Sand_Gesso_Ardesia-Panel.webp?w=765&h=765&keep=c&crop=yes&quality=80&x.app=portals
Arizona Tile,White,Trapez,"4-1/4x9-3/4 Trapezoid, Glossy",white,sand,primary,https://arizonatile.widen.net/content/dpz6sbvin6/webp/Trapez-Sand_Gesso_Ardesia-Panel.webp?w=765&h=765&keep=c&crop=yes&quality=80&x.app=portals
Arizona Tile,Trove Thassos And Black,Trove,"11-1/4x8-3/4, Polished",black,blue,alternate,https://arizonatile.widen.net/content/od389nj8rz/webp/TROVE_THASSOS_BLUE.webp?w=765&h=765&position=c&quality=80&x.app=portals
Arizona Tile,Trove Thassos And Black,Trove,"11-1/4x8-3/4, Polished",black,grey,alternate,https://arizonatile.widen.net/content/ofwubxqjek/webp/TROVE_THASSOS_GREY.webp?w=765&h=765&position=c&quality=80&x.app=portals
Arizona Tile,Trove Thassos And Blue,Trove,"11-1/4x8-3/4, Polished",blue,black,alternate,https://arizonatile.widen.net/content/d15hrs9as3/jpeg/TROVE_THASSOS_BLACK.jpeg?w=765&h=765&position=c&quality=80&x.app=portals
Arizona Tile,Trove Thassos And Blue,Trove,"11-1/4x8-3/4, Polished",blue,grey,alternate,https://arizonatile.widen.net/content/ofwubxqjek/webp/TROVE_THASSOS_GREY.webp?w=765&h=765&position=c&quality=80&x.app=portals
Arizona Tile,Trove Thassos And Grey,Trove,"11-1/4x8-3/4, Polished",grey,black,alternate,https://arizonatile.widen.net/content/d15hrs9as3/jpeg/TROVE_THASSOS_BLACK.jpeg?w=765&h=765&position=c&quality=80&x.app=portals
Arizona Tile,Trove Thassos And Grey,Trove,"11-1/4x8-3/4, Polished",grey,blue,alternate,https://arizonatile.widen.net/content/od389nj8rz/webp/TROVE_THASSOS_BLUE.webp?w=765&h=765&position=c&quality=80&x.app=portals
Bedrosians Tile,Silver Sage,360,"4x3, Matte, Mosaic",silver,white,alternate,"https://res.cloudinary.com/bedrosians/image/upload/t_gallery_large,f_auto/v1/installation_shots/360/006_360_off_white_sage_lagoon"
Bedrosians Tile,Absolute Black,Absolute Black,Polished,black,copper,alternate,"https://res.cloudinary.com/bedrosians/image/upload/t_product_detail,f_auto/v1/installation_shots/Acadia/001_Acadia_Acadia_bedrosians_tile_copper-look-tile_acadia.jpg"
Bedrosians Tile,Absolute Black,Absolute Black,Polished,black,copper,alternate,"https://res.cloudinary.com/bedrosians/image/upload/t_product_detail,f_auto/v1/installation_shots/Acadia/002_Acadia_bedrosians_tile_copper-look-tile_acadia.jpg"
Bosphorus Imports,White,Memory,,white,blue,alternate,https://www.bosphorusimports.com/cdn/uploads/capsule/products/164/cobalt_blue_3__11073.jpg?v=1775682616
Bosphorus Imports,White,Memory,,white,green,alternate,https://www.bosphorusimports.com/cdn/uploads/capsule/products/164/moos_green__20989.jpg?v=1775682616
Bosphorus Imports,Blue Night,Splendours,,blue,white,primary,https://www.bosphorusimports.com/cdn/uploads/capsule/products/172/splendours_white_bluenight_decorandom_75x15_kitchen-878x1030__67983.jpg?v=1775687088
Bosphorus Imports,Grey,Vesta,,grey,beige,alternate,https://www.bosphorusimports.com/cdn/uploads/capsule/products/185/ey03_300x600mm1_beige__69290.jpg?v=1775687067
Bosphorus Imports,Grey,Vesta,,grey,beige,alternate,https://www.bosphorusimports.com/cdn/uploads/capsule/products/185/mrg_elysian_21_13_rst_ey03_rr09_beige__46910.jpg?v=1775687067
Daltile,Affinity Brown,Affinity,,brown,gray,primary,https://digitalassets.daltile.com/content/dam/Daltile/DAL_images/Affinity/DAL_AF03_12x12_Gray.tif/jcr:content/renditions/cq5dam.web.170.170.jpeg
Daltile,Quetread Charcoal,Quetread,Charcoal,charcoal,red,lifestyle,https://s7d9.scene7.com/is/image/daltile/DAL_QueTread_COM_03_Red_web?$TRIMTHUMBNAIL$
Daltile,Quetread Gray,Quetread,Gray,gray,red,lifestyle,https://s7d9.scene7.com/is/image/daltile/DAL_QueTread_COM_03_Red_web?$TRIMTHUMBNAIL$
Elite Stone,Sofitel Gold,E Quartz,,gold,beige,alternate,https://elitestonegroup.com/media/catalog/product/f/o/food_resto_website_in_beige_brown_dark_pink_style_1_.png
Elite Stone,Sofitel Gold,E Quartz,,gold,brown,alternate,https://elitestonegroup.com/media/catalog/product/f/o/food_resto_website_in_beige_brown_dark_pink_style_1_.png
Elite Stone,Sofitel Gold,E Quartz,,gold,white,lifestyle,https://elitestonegroup.com/media/catalog/product/c/a/calacatas_white_02_1-processed.jpg
Elite Stone,Silver Birch,Quartz Slabs,,silver,white,lifestyle,https://elitestonegroup.com/media/catalog/product/f/e/fendi_white.jpg
Emser Tile,Bb Wood Oak,Bb Wood Oak,,oak,sand,lifestyle,https://d3bauow4e98jr8.cloudfront.net/userfiles/product/images/bo/ri/gn/borigni_white bush hammered_c08boriwh2323t_hangar_ash_v40hangas63126_bb wood oak_sand_j01boaksa0847_hangar_coal_a40hangco1223_roomscene_01_large.jpg
Emser Tile,Bb Wood Oak,Bb Wood Oak,Sand,oak,sand,alternate,https://d3bauow4e98jr8.cloudfront.net/userfiles/product/images/bb/_c/on/bb concrete_silver black_bb oak_sand_rs2_large.jpg
Emser Tile,Bb Wood Oak,Bb Wood Oak,Sand,oak,sand,alternate,https://d3bauow4e98jr8.cloudfront.net/userfiles/product/images/bb/wo/od/bbwoodoak_sand_j01boaksa0847_layout_01_large.jpg
Emser Tile,Bb Wood Oak,Bb Wood Oak,Sand,oak,sand,lifestyle,https://d3bauow4e98jr8.cloudfront.net/userfiles/product/images/bb/_o/ak/bb oak_sand_j01boaksa0847_roomscene_01_large.jpg
Emser Tile,Bb Wood Oak,Bb Wood Oak,Sand,oak,sand,lifestyle,https://d3bauow4e98jr8.cloudfront.net/userfiles/product/images/bb/_o/ak/bb oak_sand_j01boaksa0847_roomscene_02_large.jpg
Emser Tile,Bb Wood Oak,Bb Wood Oak,Sand,oak,sand,lifestyle,https://d3bauow4e98jr8.cloudfront.net/userfiles/product/images/bb/wo/od/bbwood_sand_j01boaksa0847_roomscene_02_large.jpg
Emser Tile,Bb Wood Oak,Bb Wood Oak,Sand,oak,sand,primary,https://d3bauow4e98jr8.cloudfront.net/userfiles/product/images/bb/_c/on/bb concrete_silver black_bb oak_sand_rs1b_large.jpg
Emser Tile,Bb Wood Oak,Bb Wood Oak,White,oak,ivory,lifestyle,https://d3bauow4e98jr8.cloudfront.net/userfiles/product/images/bb/_c/on/bb concrete_mist_j01bconmi1224_bb wood_white_j01boakwh0847_cultura_ivory_m05cultiv1212moh_roomscene_01_large.jpg
Emser Tile,Bb Wood Oak,Bb Wood Oak,White,oak,white,alternate,https://d3bauow4e98jr8.cloudfront.net/userfiles/product/images/bb/wo/od/bbwoodoak_white_j01boakwh0847_layout_01_large.jpg
Emser Tile,Bb Wood Oak,Bb Wood Oak,White,oak,white,lifestyle,https://d3bauow4e98jr8.cloudfront.net/userfiles/product/images/bb/_c/on/bb concrete_mist_j01bconmi1224_bb wood_white_j01boakwh0847_cultura_ivory_m05cultiv1212moh_roomscene_01_large.jpg
Fujiwa Tile,Seahorse Blue,Watermark Mosaics,,blue,red,primary,https://www.fujiwatiles.com/wp-content/uploads/2024/02/Seahorse-Medium-Red.jpg
Johnson Hardwood,European Oak Alabaster,Texas Timber,Light Wire-Brushed,oak,sand,alternate,https://johnsonhardwood.com/wp-content/uploads/2024/05/1j_TexasTimber_AME-TTO19003_Sand_WEB.jpg
Johnson Hardwood,European Oak Alabaster,Texas Timber,Light Wire-Brushed,oak,taupe,lifestyle,https://johnsonhardwood.com/wp-content/uploads/2024/05/1j_TexasTimber_AME-TTO19004_Taupe_WEB.jpg
Johnson Hardwood,European Oak Amber,Texas Timber,Light Wire-Brushed,oak,sand,lifestyle,https://johnsonhardwood.com/wp-content/uploads/2024/05/1j_TexasTimber_AME-TTO19003_Sand_WEB.jpg
Johnson Hardwood,European Oak Amber,Texas Timber,Light Wire-Brushed,oak,taupe,lifestyle,https://johnsonhardwood.com/wp-content/uploads/2024/05/1j_TexasTimber_AME-TTO19004_Taupe_WEB.jpg
Johnson Hardwood,European Oak Carob,Texas Timber,Light Wire-Brushed,oak,sand,lifestyle,https://johnsonhardwood.com/wp-content/uploads/2024/05/1j_TexasTimber_AME-TTO19003_Sand_WEB.jpg
Johnson Hardwood,European Oak Carob,Texas Timber,Light Wire-Brushed,oak,taupe,lifestyle,https://johnsonhardwood.com/wp-content/uploads/2024/05/1j_TexasTimber_AME-TTO19004_Taupe_WEB.jpg
Johnson Hardwood,European Oak Chestnut,Texas Timber,Light Wire-Brushed,oak,sand,lifestyle,https://johnsonhardwood.com/wp-content/uploads/2024/05/1j_TexasTimber_AME-TTO19003_Sand_WEB.jpg
Johnson Hardwood,European Oak Chestnut,Texas Timber,Light Wire-Brushed,oak,taupe,lifestyle,https://johnsonhardwood.com/wp-content/uploads/2024/05/1j_TexasTimber_AME-TTO19004_Taupe_WEB.jpg
Johnson Hardwood,European Oak Honey,Texas Timber,Light Wire-Brushed,oak,sand,lifestyle,https://johnsonhardwood.com/wp-content/uploads/2024/05/1j_TexasTimber_AME-TTO19003_Sand_WEB.jpg
Johnson Hardwood,European Oak Honey,Texas Timber,Light Wire-Brushed,oak,taupe,lifestyle,https://johnsonhardwood.com/wp-content/uploads/2024/05/1j_TexasTimber_AME-TTO19004_Taupe_WEB.jpg
Johnson Hardwood,European Oak Labrador,Texas Timber,Light Wire-Brushed,oak,sand,lifestyle,https://johnsonhardwood.com/wp-content/uploads/2024/05/1j_TexasTimber_AME-TTO19003_Sand_WEB.jpg
Johnson Hardwood,European Oak Labrador,Texas Timber,Light Wire-Brushed,oak,taupe,lifestyle,https://johnsonhardwood.com/wp-content/uploads/2024/05/1j_TexasTimber_AME-TTO19004_Taupe_WEB.jpg
Johnson Hardwood,European Oak Parchment,Texas Timber,Light Wire-Brushed,oak,sand,alternate,https://johnsonhardwood.com/wp-content/uploads/2024/05/1j_TexasTimber_AME-TTO19003_Sand_WEB.jpg
Johnson Hardwood,European Oak Parchment,Texas Timber,Light Wire-Brushed,oak,taupe,lifestyle,https://johnsonhardwood.com/wp-content/uploads/2024/05/1j_TexasTimber_AME-TTO19004_Taupe_WEB.jpg
Johnson Hardwood,European Oak Sand,Texas Timber,Light Wire-Brushed,oak,taupe,lifestyle,https://johnsonhardwood.com/wp-content/uploads/2024/05/1j_TexasTimber_AME-TTO19004_Taupe_WEB.jpg
Johnson Hardwood,European Oak Sand,Texas Timber,Light Wire-Brushed,sand,taupe,lifestyle,https://johnsonhardwood.com/wp-content/uploads/2024/05/1j_TexasTimber_AME-TTO19004_Taupe_WEB.jpg
Johnson Hardwood,European Oak Taupe,Texas Timber,Light Wire-Brushed,oak,sand,lifestyle,https://johnsonhardwood.com/wp-content/uploads/2024/05/1j_TexasTimber_AME-TTO19003_Sand_WEB.jpg
Johnson Hardwood,European Oak Taupe,Texas Timber,Light Wire-Brushed,taupe,sand,lifestyle,https://johnsonhardwood.com/wp-content/uploads/2024/05/1j_TexasTimber_AME-TTO19003_Sand_WEB.jpg
Johnson Hardwood,European Oak Tawny,Texas Timber,Light Wire-Brushed,oak,sand,lifestyle,https://johnsonhardwood.com/wp-content/uploads/2024/05/1j_TexasTimber_AME-TTO19003_Sand_WEB.jpg
Johnson Hardwood,European Oak Tawny,Texas Timber,Light Wire-Brushed,oak,taupe,lifestyle,https://johnsonhardwood.com/wp-content/uploads/2024/05/1j_TexasTimber_AME-TTO19004_Taupe_WEB.jpg
MSI Surfaces,Alaskan Charcoal,Alaskan,,charcoal,gray,primary,https://cdn.msisurfaces.com/images/mosaics/alaskan-gray-splitface-interlocking-pattern.jpg
MSI Surfaces,Architecta Concrete Gray,Architecta Concrete,,gray,beige,primary,https://cdn.msisurfaces.com/images/colornames/beige-architecta.jpg
MSI Surfaces,Arterra Beige,Arterra,,beige,ivory,lifestyle,https://cdn.msisurfaces.com/images/hardscaping/detail/tierra-ivory-arterra-pavers-porcelain.jpg
MSI Surfaces,Arterra Gray,Arterra,,gray,silver,alternate,https://cdn.msisurfaces.com/images/hardscaping/detail/cementique-silver-arterra-pavers-porcelain.jpg
MSI Surfaces,Arterra Gray,Arterra,,gray,silver,alternate,https://cdn.msisurfaces.com/images/hardscaping/detail/silver-trav-arterra-pavers-porcelain.jpg
MSI Surfaces,Arterra White,Arterra,,white,silver,alternate,https://cdn.msisurfaces.com/images/hardscaping/detail/quartz-silver-arterra-porcelain-copings.jpg
MSI Surfaces,Athena Ivory,Athena,,ivory,gold,alternate,https://cdn.msisurfaces.com/images/mosaics/edge/athena-gold-4x12-honed-edge.jpg
MSI Surfaces,Athena Ivory,Athena,,ivory,gold,lifestyle,https://cdn.msisurfaces.com/images/mosaics/athena-gold-4x12-honed.jpg
MSI Surfaces,Athena Ivory,Athena,,ivory,gold,lifestyle,https://cdn.msisurfaces.com/images/mosaics/variations/athena-gold-4x12-honed-variations.jpg
MSI Surfaces,Athena Ivory,Athena,,ivory,gold,primary,https://cdn.msisurfaces.com/images/mosaics/iso/athena-gold-4x12-honed-iso.jpg
MSI Surfaces,Capri Gray,Capri,,gray,blue,alternate,https://cdn.msisurfaces.com/images/mosaics/edge/capri-blue-4x12-honed-edge.jpg
MSI Surfaces,Capri Gray,Capri,,gray,blue,lifestyle,https://cdn.msisurfaces.com/images/mosaics/capri-blue-4x12-honed.jpg
MSI Surfaces,Capri Gray,Capri,,gray,blue,lifestyle,https://cdn.msisurfaces.com/images/mosaics/variations/capri-blue-4x12-honed-variations.jpg
MSI Surfaces,Capri Gray,Capri,,gray,blue,primary,https://cdn.msisurfaces.com/images/mosaics/iso/capri-blue-4x12-honed-iso.jpg
MSI Surfaces,Carolina Timber Brown,Carolina Timber,,brown,beige,alternate,https://cdn.msisurfaces.com/images/skus/beige-carolina-timber-ceramic-6x36.jpg
MSI Surfaces,Carolina Timber Brown,Carolina Timber,,brown,beige,lifestyle,https://cdn.msisurfaces.com/images/roomscenes/medium/beige-carolina-timber-ceramic-d.jpg
MSI Surfaces,Carolina Timber Brown,Carolina Timber,,brown,beige,primary,https://cdn.msisurfaces.com/images/porcelainceramic/beige-carolina-timber-ceramic.jpg
MSI Surfaces,Cementique Gray,Cementique,,gray,silver,alternate,https://cdn.msisurfaces.com/images/porcelainceramic/silver-cementique-porcelain.jpg
MSI Surfaces,Cementique Gray,Cementique,,gray,silver,primary,https://cdn.msisurfaces.com/images/hardscaping/detail/cementique-silver-arterra-pavers-porcelain-24x48.jpg
MSI Surfaces,Elbe Beige,Elbe,,beige,sand,primary,https://cdn.msisurfaces.com/images/porcelainceramic/edge/elbe-sand-porcelain-edge.jpg
MSI Surfaces,Elbe Charcoal,Elbe,,charcoal,sand,primary,https://cdn.msisurfaces.com/images/porcelainceramic/elbe-sand-porcelain.jpg
MSI Surfaces,Elegante Pinwheel Ivory,Elegante Pinwheel,,ivory,gold,alternate,https://cdn.msisurfaces.com/images/mosaics/iso/elegante-pinwheel-gold-iso.jpg
MSI Surfaces,Elegante Pinwheel Ivory,Elegante Pinwheel,,ivory,gold,alternate,https://cdn.msisurfaces.com/images/mosaics/thumbnails/elegante-pinwheel-gold.jpg
MSI Surfaces,Elegante Pinwheel Ivory,Elegante Pinwheel,,ivory,gold,primary,https://cdn.msisurfaces.com/images/mosaics/elegante-pinwheel-gold.jpg
MSI Surfaces,Eramosa Charcoal,Eramosa,,charcoal,grey,primary,https://cdn.msisurfaces.com/images/porcelainceramic/grey-eramosa-porcelain.jpg
MSI Surfaces,Eramosa Gray,Eramosa,,gray,silver,primary,https://cdn.msisurfaces.com/images/porcelainceramic/silver-eramosa-porcelain.jpg
MSI Surfaces,Eramosa Ivory,Eramosa,,ivory,white,primary,https://cdn.msisurfaces.com/images/porcelainceramic/white-eramosa-porcelain.jpg
MSI Surfaces,Flamenco Derby Brown,Flamenco Derby,,brown,bronze,alternate,https://cdn.msisurfaces.com/images/colornames/detail-two/derby-bronze-2x18-glossy-flamenco-detail-two.jpg
MSI Surfaces,Flamenco Derby Brown,Flamenco Derby,,brown,bronze,alternate,https://cdn.msisurfaces.com/images/colornames/variation/derby-bronze-2x18-glossy-flamenco-variation.jpg
MSI Surfaces,Flamenco Derby Brown,Flamenco Derby,,brown,bronze,lifestyle,https://cdn.msisurfaces.com/images/colornames/edge/derby-bronze-2x18-glossy-flamenco-edge.jpg
MSI Surfaces,Flamenco Derby Brown,Flamenco Derby,,brown,bronze,primary,https://cdn.msisurfaces.com/images/colornames/derby-bronze-2x18-glossy-flamenco.jpg
MSI Surfaces,Flamenco Palace Black,Flamenco Palace,,black,charcoal,alternate,https://cdn.msisurfaces.com/images/colornames/detail-two/palace-charcoal-2x18-glossy-flamenco-detail-two.jpg
MSI Surfaces,Flamenco Palace Black,Flamenco Palace,,black,charcoal,alternate,https://cdn.msisurfaces.com/images/colornames/variation/palace-charcoal-2x18-glossy-flamenco-variation.jpg
MSI Surfaces,Flamenco Palace Black,Flamenco Palace,,black,charcoal,lifestyle,https://cdn.msisurfaces.com/images/colornames/edge/palace-charcoal-2x18-glossy-flamenco-edge.jpg
MSI Surfaces,Flamenco Palace Black,Flamenco Palace,,black,charcoal,primary,https://cdn.msisurfaces.com/images/colornames/palace-charcoal-2x18-glossy-flamenco.jpg
MSI Surfaces,Folk Charcoal,Folk,,charcoal,silver,alternate,https://cdn.msisurfaces.com/images/porcelainceramic/folk-silver.jpg
MSI Surfaces,Folk Charcoal,Folk,,charcoal,silver,lifestyle,https://cdn.msisurfaces.com/images/porcelainceramic/variation/folk-silver-variation.jpg
MSI Surfaces,Folk Gray,Folk,,gray,silver,primary,https://cdn.msisurfaces.com/images/porcelainceramic/folk-silver.jpg
MSI Surfaces,Folk White,Folk,,white,silver,primary,https://cdn.msisurfaces.com/images/porcelainceramic/edge/folk-silver-edge.jpg
MSI Surfaces,Katavia Charcoal,Katavia,,charcoal,gray,primary,https://cdn.msisurfaces.com/images/lvt/Detail/Katavia-Woodrift-Gray-Vinyl-Flooring.jpg
MSI Surfaces,Legions Taja Beige,Legions Taja,,beige,ivory,lifestyle,https://cdn.msisurfaces.com/images/porcelainceramic/legions-taja-ivory-porcelain.jpg
MSI Surfaces,Legions Taja Beige,Legions Taja,,beige,ivory,primary,https://cdn.msisurfaces.com/images/porcelainceramic/iso/legions-taja-ivory-porcelain-iso.jpg
MSI Surfaces,Luxor Kona Ivory,Luxor Kona,,ivory,gold,alternate,https://cdn.msisurfaces.com/images/mosaics/variations/luxor-kona-gold-pattern-variations.jpg
MSI Surfaces,Luxor Kona Ivory,Luxor Kona,,ivory,gold,lifestyle,https://cdn.msisurfaces.com/images/mosaics/luxor-kona-gold-pattern.jpg
MSI Surfaces,Luxor Kona Ivory,Luxor Kona,,ivory,gold,primary,https://cdn.msisurfaces.com/images/mosaics/iso/luxor-kona-gold-pattern-iso.jpg
MSI Surfaces,Luxor Royal Ivory,Luxor Royal,,ivory,gold,alternate,https://cdn.msisurfaces.com/images/mosaics/variations/luxor-royal-link-gold-pattern-variations.jpg
MSI Surfaces,Luxor Royal Ivory,Luxor Royal,,ivory,gold,lifestyle,https://cdn.msisurfaces.com/images/mosaics/luxor-royal-link-gold-pattern.jpg
MSI Surfaces,Luxor Royal Ivory,Luxor Royal,,ivory,gold,primary,https://cdn.msisurfaces.com/images/mosaics/iso/luxor-royal-link-gold-pattern-iso.jpg
MSI Surfaces,Mccarran Reserve Brown,Mccarran Reserve,,brown,oak,primary,https://cdn.msisurfaces.com/images/lvt/detail/mccarran-adriel-oak.jpg
MSI Surfaces,Miraggio Ivory,Miraggio,,ivory,gold,primary,https://cdn.msisurfaces.com/images/skus/miraggio-gold-2x2-hexagon.jpg
MSI Surfaces,"Montauk "" Black","Montauk """,,black,blue,alternate,https://cdn.msisurfaces.com/images/colornames/iso/montauk-blue-slate-iso.jpg
MSI Surfaces,"Montauk "" Black","Montauk """,,black,blue,alternate,https://cdn.msisurfaces.com/images/colornames/thumbnails/montauk-blue-slate.jpg
MSI Surfaces,"Montauk "" Black","Montauk """,,black,blue,primary,https://cdn.msisurfaces.com/images/colornames/montauk-blue-slate.jpg
MSI Surfaces,Mountains Charcoal,Mountains,,charcoal,gray,primary,https://cdn.msisurfaces.com/images/lvt/detail/mountains-gray-vinyl-flooring.jpg
MSI Surfaces,Ostrich Charcoal,Ostrich,,charcoal,grey,primary,https://cdn.msisurfaces.com/images/skus/thumbnails/ostrich-grey-16x16-honad-a.jpg
MSI Surfaces,Oxide Brown,Oxide,,brown,copper,primary,https://cdn.msisurfaces.com/images/colornames/detail-two/copper-oxide-detail-two.jpg
MSI Surfaces,Oyster Charcoal,Oyster,,charcoal,gray,primary,https://cdn.msisurfaces.com/images/mosaics/oyster-gray-subway-2x4x8mm.jpg
MSI Surfaces,Oyster Charcoal,Oyster,Charcoal,charcoal,gray,primary,https://cdn.msisurfaces.com/images/mosaics/oyster-gray-subway-2x4x8mm.jpg
MSI Surfaces,Platinum Charcoal,Platinum,,charcoal,blue,alternate,https://cdn.msisurfaces.com/images/colornames/platinum-blue.jpg
MSI Surfaces,Rockmount Arctic Ivory,Rockmount Arctic,,ivory,white,primary,https://cdn.msisurfaces.com/images/hardscaping/detail/arctic-white-3d-honed-stacked-stone-panels.jpg
MSI Surfaces,Rockmount California Brown,Rockmount California,,brown,gold,primary,https://cdn.msisurfaces.com/images/hardscaping/detail/california-gold-stacked-stone-panels.jpg
MSI Surfaces,Rockmount Golden Gold,Rockmount Golden,,gold,white,primary,https://cdn.msisurfaces.com/images/hardscaping/detail/golden-white-stacked-stone-panels.jpg
MSI Surfaces,Rockmount Sunset Gray,Rockmount Sunset,,gray,silver,primary,https://cdn.msisurfaces.com/images/hardscaping/detail/sunset-silver-stacked-stone-panels.jpg
MSI Surfaces,Sande Beige,Sande,,beige,cream,primary,https://cdn.msisurfaces.com/images/porcelainceramic/iso/cream-sande-porcelain-iso.jpg
MSI Surfaces,Terrado Peninsula Beige,Terrado Peninsula,,beige,sand,primary,https://cdn.msisurfaces.com/images/hardscaping/detail/peninsula-sand-terrado-stacked-stone-panels.jpg
MSI Surfaces,Terrado Sandown Charcoal,Terrado Sandown,,charcoal,silver,primary,https://cdn.msisurfaces.com/images/hardscaping/detail/sandown-silver.jpg
MSI Surfaces,Urbanslat Marmi Ivory,Urbanslat Marmi,,ivory,grey,lifestyle,https://cdn.msisurfaces.com/images/porcelainceramic/detail-two/urbanslat-marmiro-grey-16x48-detail-two.jpg
MSI Surfaces,Urbanslat Marmi Ivory,Urbanslat Marmi,,ivory,grey,lifestyle,https://cdn.msisurfaces.com/images/porcelainceramic/urbanslat-marmiro-grey.jpg
MSI Surfaces,Urbanslat Marmi Ivory,Urbanslat Marmi,,ivory,grey,primary,https://cdn.msisurfaces.com/images/porcelainceramic/edge/urbanslat-marmiro-grey-16x48-edge.jpg
MSI Surfaces,Urbanslat Marmi White,Urbanslat Marmi,,white,grey,primary,https://cdn.msisurfaces.com/images/porcelainceramic/iso/urbanslat-marmiro-grey-16x48-iso.jpg
MSI Surfaces,Vintage Black,Vintage,,black,silver,primary,https://cdn.msisurfaces.com/images/porcelainceramic/silver-vintage-porcelain.jpg
MSI Surfaces,Wilmont Brown,Wilmont,,brown,charcoal,primary,https://cdn.msisurfaces.com/images/lvt/detail/wilmont-charcoal-oak-vinyl-flooring.jpg
MSI Surfaces,Wilmont Brown,Wilmont,,brown,oak,primary,https://cdn.msisurfaces.com/images/lvt/detail/wilmont-charcoal-oak-vinyl-flooring.jpg
Melange Boutique Tile,Beige,Factory,,beige,gray,lifestyle,https://www.melangetile.com/assets/images/Banner/Factory-Dark-Gray.jpg
Melange Boutique Tile,Beige,Factory,,beige,gray,lifestyle,https://www.melangetile.com/assets/images/Banner/Factory-Gray.jpg
Melange Boutique Tile,White,Factory,,white,gray,lifestyle,https://www.melangetile.com/assets/images/Banner/Factory-Dark-Gray.jpg
Melange Boutique Tile,White,Factory,,white,gray,lifestyle,https://www.melangetile.com/assets/images/Banner/Factory-Gray.jpg
Melange Boutique Tile,Cream,Memory,,cream,white,lifestyle,https://www.melangetile.com/assets/images/unique%20infinity/thumbs/infinity_white-decoro-arcade_01%20th.jpg
Melange Boutique Tile,Beige,Real Stone Travertino,,beige,white,lifestyle,https://www.melangetile.com/assets/images/terrazzo-white-th2.jpg
Melange Boutique Tile,Beige,Real Stone Travertino,,beige,white,lifestyle,https://www.melangetile.com/assets/images/unique%20infinity/thumbs/infinity_white-decoro-arcade_01%20th.jpg
Melange Boutique Tile,Oak,Woodbreak,,oak,white,lifestyle,https://www.melangetile.com/assets/images/unique%20infinity/thumbs/infinity_white-decoro-arcade_01%20th.jpg
Roca USA,"Bright 2"" White Dots",Cc Mosaics,,white,black,lifestyle,https://rocatileusa.com/uploads/2023/02/CC-Mosaics-Plus-Beveled-Brick-Black-2.jpg.webp
Roca USA,"Bright 2"" White Dots",Cc Mosaics,,white,black,lifestyle,https://rocatileusa.com/uploads/2023/02/CC-Mosaics-Plus-Brick-Beveled-Black-2-2.jpg.webp
Roca USA,"Bright 2"" White Dots",Cc Mosaics,,white,gray,lifestyle,https://rocatileusa.com/uploads/2023/02/CC-Mosaics-Plus-Tender-Gray-Bright-Beveled-Brick-Mosaic-@l_design_group-2.jpg.webp
Roca USA,"Bright 2"" White Dots",Cc Mosaics,,white,gray,lifestyle,https://rocatileusa.com/uploads/2023/02/CC-Tender-Gray-Beveled-Brick-@l_design_group.jpg.webp
Roca USA,2 1/2x6 Black Chair Rail,Decorative Accents & Trims,,black,white,lifestyle,https://rocatileusa.com/uploads/2021/08/bg-white-ice-chair-rail.jpg.webp
Roca USA,2 1/2x6 Black Chair Rail,Decorative Accents & Trims,,black,white,primary,https://rocatileusa.com/uploads/2021/10/Snow-White-2x6-Victorian-Listel_U072-DECO530.jpg.webp
Roca USA,Atoll Blue,Flow,,blue,gray,lifestyle,https://rocatileusa.com/uploads/2023/02/Flow-Picket-Tender-Gray-@century.carpet.creative.floors.jpg.webp
Roca USA,Quarry Spanish Gray,Forge,,gray,red,lifestyle,https://rocatileusa.com/uploads/2025/Roca Collections/Forge/SPANISH-RED-BULLNOSE-QUARRY-en-lPhwpXcmdc9UJiJm Background Removed.png
Roca USA,Quarry Spanish Gray,Forge,,gray,red,lifestyle,https://rocatileusa.com/uploads/2025/Roca Collections/Forge/WEB-225000347-(1X6-SPANISH-RED-OUTSIDE-CORNER).png
Roca USA,Quarry Spanish Gray,Forge,,gray,red,lifestyle,https://rocatileusa.com/uploads/2025/Roca Collections/Forge/web-225009180-(6X6-SPANISH-RED-COVE-QUARRY).png
Roca USA,Quarry Spanish Gray,Forge,,gray,red,primary,https://rocatileusa.com/uploads/2025/Roca Collections/Forge/WEB-225000344-(1X6-SPANISH-RED-INSIDE-CORNER).png
Roca USA,Astoria Fd Grey,Lithology Edition,,grey,white,primary,https://rocatileusa.com/uploads/2022/05/MYTHOS_White_jpg_01-1.jpg.webp
Roca USA,Ibiza Fd White,Lithology Edition,,white,grey,primary,https://rocatileusa.com/uploads/2022/05/INVISIBLE-GREY_30X60_02.jpg.webp
Roca USA,Silver,Trevi,,silver,grey,primary,https://rocatileusa.com/uploads/2021/06/Trevi-Grey-12x24-e1545056466322.jpeg.webp
Roca USA,Weston Fd Us Beige,Weston,,beige,gray,lifestyle,https://rocatileusa.com/uploads/2024/04/Weston/WESTON_GRAY_13x13_01-web.jpg
Roca USA,Weston Fd Us Beige,Weston,,beige,white,lifestyle,https://rocatileusa.com/uploads/2024/04/Weston/WESTON_WHITE_13X13_1-web.jpg
Roca USA,Dark Gray 2.5x16,Zellige,,gray,green,lifestyle,https://rocatileusa.com/uploads/2023/02/Zellige-emerald-green-and-maiolica-crackled-white.jpg.webp
Roca USA,Dark Gray 2.5x16,Zellige,,gray,white,lifestyle,https://rocatileusa.com/uploads/2023/02/Zellige-emerald-green-and-maiolica-crackled-white.jpg.webp
